artists_idxs,album_idx,album_name,album_release_year,album_release_month,album_release_day
['7ppwXAQNWfPDGu22hCk5Yr'],0mA5GgGQJiGo2i7lFAaLfV,That London,2022,9.0,30.0
['7ppwXAQNWfPDGu22hCk5Yr'],7KNYKZnd9UBAkdmCL39qVS,Cleaned Up Collectibles Volume 2,2022,3.0,4.0
['7ppwXAQNWfPDGu22hCk5Yr'],6lKQCBvcAnsm0uFJ6RfHza,Penny Novelettes,2021,6.0,25.0
['7ppwXAQNWfPDGu22hCk5Yr'],5jhmIdxm0c4k3uTej8QOgp,Dolly Birds & Spies,2020,4.0,24.0
['7ppwXAQNWfPDGu22hCk5Yr'],2IWMc9Q1OceTKltKpG8J0H,Ginger Stepkids (The Lost Demos 2009/2010),2019,6.0,21.0
['7ppwXAQNWfPDGu22hCk5Yr'],6ASmONVmn2UnjQlCl5RAfA,Life in a Time Machine,2018,10.0,26.0
['7ppwXAQNWfPDGu22hCk5Yr'],3SKqv5c4Rsz4xYi8sWF36P,Star Cafe,2018,5.0,21.0
['7ppwXAQNWfPDGu22hCk5Yr'],67ybs67en4kmfLIF4dlDeS,Cleaned Up Collectables,2018,1.0,8.0
['7ppwXAQNWfPDGu22hCk5Yr'],1zo9VCGu3YLLHcUeiw7dQb,The Last Boy in the Locarno,2016,9.0,26.0
['7ppwXAQNWfPDGu22hCk5Yr'],6pvlROb4bcYperl4SxFTVw,Rose of the Lanes,2015,9.0,28.0
['7ppwXAQNWfPDGu22hCk5Yr'],7uVCsicrSRe9js3j9aIoLK,Extra Wages,2014,6.0,24.0
['7ppwXAQNWfPDGu22hCk5Yr'],3WqJ6BB4YoFsdLISD2oRMt,Return to Bohemia,2014,,
['7ppwXAQNWfPDGu22hCk5Yr'],47M0uCJFFL47ehohBQLf8k,The Late District,2013,,
['7ppwXAQNWfPDGu22hCk5Yr'],1xk98H74y0tdFiJV6yNcUJ,English Electric,2011,,
['7ppwXAQNWfPDGu22hCk5Yr'],2x5rrjYAI45zNjOQ4W3w6q,In Chimp World,2011,,
['7ppwXAQNWfPDGu22hCk5Yr'],6AMMPpUwCR5FOO8embDG9w,My Back Wages,2000,,
['7ppwXAQNWfPDGu22hCk5Yr'],1F8urs1rItgkEbTMktQSJA,Live in Japan (Osaka 1994),1994,,
['7ppwXAQNWfPDGu22hCk5Yr'],2dscUPnw9gYEYnm6ANVgJG,Number Thirteen,1990,,
['7ppwXAQNWfPDGu22hCk5Yr'],7sdj45ahioyafvMgRBG9bS,Going to England,1987,,
['7ppwXAQNWfPDGu22hCk5Yr'],4VdDezBDk9CXsvpBeIvSHU,Living With Victoria Grey,1986,,
['7ppwXAQNWfPDGu22hCk5Yr'],5WJ0A0QG2wnEx0jxGB1TNG,Songs for a Fallow Land,1985,,
['7ppwXAQNWfPDGu22hCk5Yr'],6Az7AyBvH6w3U5i4H5f0wU,Under Wartime Conditions,1984,,
['7ppwXAQNWfPDGu22hCk5Yr'],2XHs4cn1SiWLegKEZtA8Ex,In the Golden Autumn,1983,,
['7ppwXAQNWfPDGu22hCk5Yr'],0pMgdGYL1d7YfLZ6Y2PYLG,Midnight Cleaners,1982,,
['7ppwXAQNWfPDGu22hCk5Yr'],7bH1Yw3Vn2mogI7IFZaati,On Any Normal Monday,1982,,
['7ppwXAQNWfPDGu22hCk5Yr'],2UOHMgem82a7pB8GKh2bBq,Blow Away Your Troubles,1981,,
['7pwjGKaqnfkvS7eQbHaqyH'],1qqZSTptKt9zXK4zJkkNPf,Annette (Unlimited Edition) [Original Motion Picture Soundtrack],2021,11.0,26.0
['7pwjGKaqnfkvS7eQbHaqyH'],6JppDlRuAbcM7f3I4qPuYJ,Annette (Cannes Edition - Selections from the Motion Picture Soundtrack),2021,8.0,6.0
['7pwjGKaqnfkvS7eQbHaqyH'],53wesmaEPq7E4NwxNB8yET,Annette (Cannes Edition - Selections from the Motion Picture Soundtrack),2021,7.0,2.0
['7pwjGKaqnfkvS7eQbHaqyH'],43DZQacT84CN8EYfKcmeSL,"A Steady Drip, Drip, Drip",2020,5.0,15.0
['7pwjGKaqnfkvS7eQbHaqyH'],4fU4XhSsBtgsCdXi3JoLyM,"A Steady Drip, Drip, Drip",2020,5.0,15.0
['7pwjGKaqnfkvS7eQbHaqyH'],1S6CN2iacm5MXUBqrHCzyS,Hippopotamus,2017,9.0,8.0
['7pwjGKaqnfkvS7eQbHaqyH'],0MngnORF2qS94ULHHO3ezD,Hippopotamus,2017,9.0,8.0
['7pwjGKaqnfkvS7eQbHaqyH'],6dO8MttDZ3VgdksK7P4TvM,Live 1976 - 1982 (Remastered),2016,4.0,3.0
"['0OnPrsDBROxkpC3qbFnL6L', '0XNa1vTidXlvJ2gHSsRi4A', '7pwjGKaqnfkvS7eQbHaqyH']",7g47iRACm89TOlfLhulrx2,FFS (Deluxe Edition),2015,6.0,8.0
['7pwjGKaqnfkvS7eQbHaqyH'],4AZqNno9z8jFOPO95Vqq7M,Two Hands One Mouth (Live in Europe),2013,3.0,31.0
['7pwjGKaqnfkvS7eQbHaqyH'],6CkAHTj2gGpfwuHoBpv4p5,The Seduction of Ingmar Bergman (Deluxe Edition),2009,,
['7pwjGKaqnfkvS7eQbHaqyH'],2W6ijD4rjIV1ypvYKQLfhR,The Seduction of Ingmar Bergman (Deluxe Edition),2009,,
['7pwjGKaqnfkvS7eQbHaqyH'],1NcMEvkMBHx9OOEsWh4lib,Exotic Creatures of the Deep,2008,5.0,19.0
['7pwjGKaqnfkvS7eQbHaqyH'],4bYUcde1R8U9F67TLkfPyZ,Exotic Creatures of the Deep,2008,5.0,19.0
['7pwjGKaqnfkvS7eQbHaqyH'],5BJkUfUZugONfonfNbddfQ,Exotic Creatures of the Deep (Deluxe Edition),2008,1.0,1.0
['7pwjGKaqnfkvS7eQbHaqyH'],7cOyJQVez4CEPr2xdlq3xr,Exotic Creatures of the Deep (Deluxe Edition),2008,1.0,1.0
['7pwjGKaqnfkvS7eQbHaqyH'],7LmBhM0HCIc5AFvmoM0H1P,Hello Young Lovers,2006,2.0,6.0
['7pwjGKaqnfkvS7eQbHaqyH'],7pygrBMRu6ag4soZ4HifhF,Hello Young Lovers,2006,2.0,6.0
['7pwjGKaqnfkvS7eQbHaqyH'],4f0GeEy71NAkStFVzcFwC6,Hello Young Lovers,2006,2.0,6.0
['7pwjGKaqnfkvS7eQbHaqyH'],6ruQfo4bWazi8q3dv46jop,Hello Young Lovers (Deluxe Edition),2006,1.0,1.0
['7pwjGKaqnfkvS7eQbHaqyH'],0LXNUZqfLXGmvcgkyLG0yR,Hello Young Lovers (Deluxe Edition),2006,1.0,1.0
['7pwjGKaqnfkvS7eQbHaqyH'],4RxwJZfVRNlwlsOTz9yp2I,Lil' Beethoven (Deluxe Edition),2002,11.0,26.0
['7pwjGKaqnfkvS7eQbHaqyH'],38Vk9c5ntznkG0SVdqcgJY,Lil' Beethoven (Deluxe Edition),2002,11.0,26.0
['7pwjGKaqnfkvS7eQbHaqyH'],6VYXzvsucdtRFx7NP1Bfmf,Lil' Beethoven (Deluxe Edition),2002,1.0,1.0
['7pwjGKaqnfkvS7eQbHaqyH'],6PDuMIX5sav0klZWpdZPNJ,Lil' Beethoven (Deluxe Edition),2002,1.0,1.0
['7pwjGKaqnfkvS7eQbHaqyH'],2wGn4o0pbOOj74eZZGN7OD,Balls (Expanded Version),2000,8.0,28.0
['7pwjGKaqnfkvS7eQbHaqyH'],2uWdAGR38xGAEaU2lvg5vo,Balls (Expanded Version),2000,8.0,28.0
['7pwjGKaqnfkvS7eQbHaqyH'],57g1voaakkQc2NyIqKumLj,Balls (Deluxe Edition),2000,1.0,1.0
['7pwjGKaqnfkvS7eQbHaqyH'],2NjsJ1PW8YTpFUUAN38fKx,Balls (Deluxe Edition),2000,,
['7pwjGKaqnfkvS7eQbHaqyH'],3hDINcsMtV0sC9LiWwnQWI,Plagiarism,1997,6.0,23.0
['7pwjGKaqnfkvS7eQbHaqyH'],6bdS9Z5dOdq6mgmuo7jDMA,Plagiarism,1997,6.0,23.0
['7pwjGKaqnfkvS7eQbHaqyH'],5UdIrFw5yi77dlCXwM9XxI,Gratuitous Sax & Senseless Violins (Expanded Edition),1994,11.0,15.0
['7pwjGKaqnfkvS7eQbHaqyH'],6cGBgUWCOa25XK5ESHyeuu,Gratuitous Sax & Senseless Violins (Expanded Edition),1994,11.0,15.0
['7pwjGKaqnfkvS7eQbHaqyH'],5SAcm58XGNvnVYVWDQs7sg,Interior Design,1988,8.0,
['7pwjGKaqnfkvS7eQbHaqyH'],3ESdH6XwIQvcJ3BSVNN6C5,Interior Design,1988,8.0,
['7pwjGKaqnfkvS7eQbHaqyH'],3tdBAM9lc8nCPGpCoLEGsA,Music That You Can Dance To,1986,9.0,
['7pwjGKaqnfkvS7eQbHaqyH'],1jm7p4XGLPwVZ6Q8LnnQFY,Pulling Rabbits Out Of A Hat,1984,,
['7pwjGKaqnfkvS7eQbHaqyH'],2F6NlRtCX1heuKZyjYKF1y,Pulling Rabbits out of a Hat (Remastered Bonus Track Version),1984,,
['7pwjGKaqnfkvS7eQbHaqyH'],7DQ4JbSvurZKtAUCz1hxE9,In Outer Space,1983,4.0,
['7pwjGKaqnfkvS7eQbHaqyH'],1a0QpkABQq097YhQiZHYsC,In Outer Space (Remastered Bonus Track Version),1983,4.0,
['7pwjGKaqnfkvS7eQbHaqyH'],7eMZ934Zpj7TrFsEhajh7q,Angst In My Pants,1982,3.0,29.0
['7pwjGKaqnfkvS7eQbHaqyH'],3JnlrSGkIZLRo675C8pcUS,Angst in My Pants (Remastered Bonus Track Version),1982,3.0,29.0
['7pwjGKaqnfkvS7eQbHaqyH'],6WoXIYrZbTswcHktDyM3Zz,Whomp That Sucker,1981,,
['7pwjGKaqnfkvS7eQbHaqyH'],3x0j7lxTq1i4VHMBXFg94B,Whomp That Sucker,1981,,
['7pwjGKaqnfkvS7eQbHaqyH'],4VLxLHCbKBhtsM09X9gMMj,Terminal Jive,1980,,
['7pwjGKaqnfkvS7eQbHaqyH'],6kfFQmILaEa7udujA3lBjX,Terminal Jive (Remastered Bonus Track Version),1980,,
['7pwjGKaqnfkvS7eQbHaqyH'],647T86jRIoTQGHVBTE5gL6,No. 1 In Heaven (40th Anniversary Edition),1979,3.0,
['7pwjGKaqnfkvS7eQbHaqyH'],4GD5m4BDEzBCVWhEz3FeSl,No. 1 in Heaven,1979,3.0,
['7pwjGKaqnfkvS7eQbHaqyH'],1WwkwSVwh9clBkan9ElU0e,No.1 In Heaven,1979,3.0,
['7pwjGKaqnfkvS7eQbHaqyH'],5eBEMP7Ugqk1rAbvKDoDVz,Introducing Sparks,1977,10.0,
['7pwjGKaqnfkvS7eQbHaqyH'],7bgheP5xzxGdh1zz9vwXG4,Introducing Sparks,1977,10.0,
['7pwjGKaqnfkvS7eQbHaqyH'],2xEgdwQyIzBnn504ygfEbE,Big Beat,1976,10.0,
['7pwjGKaqnfkvS7eQbHaqyH'],1tOvKFszkk2HZ1rPDFDkrq,Big Beat,1976,10.0,
['7pwjGKaqnfkvS7eQbHaqyH'],0HdB6en7O4K3rCCQEnYVT0,Indiscreet,1975,10.0,
['7pwjGKaqnfkvS7eQbHaqyH'],4e1dvEPVYMDfBz3a8tYVjb,Indiscreet,1975,10.0,
['7pwjGKaqnfkvS7eQbHaqyH'],7dgrdhuTNbswEBBRSY5iH9,Indiscreet,1975,10.0,
['7pwjGKaqnfkvS7eQbHaqyH'],1rlCSXl4oodSDQRUYDUgiP,Propaganda,1974,11.0,
['7pwjGKaqnfkvS7eQbHaqyH'],3bOrSzGgJnjGOa9kOybRCs,Propaganda,1974,11.0,
['7pwjGKaqnfkvS7eQbHaqyH'],4xMwCDSAoHGOiEhEywaksH,Propaganda,1974,11.0,
['7pwjGKaqnfkvS7eQbHaqyH'],7KOmuu3cbJQEQYGt3XmLmY,Kimono My House,1974,5.0,
['7pwjGKaqnfkvS7eQbHaqyH'],65RIlZ4KlLzX2MxzV7A4hQ,A Woofer In Tweeter's Clothing,1973,2.0,
['7pwjGKaqnfkvS7eQbHaqyH'],3otHZjowAuSsgEDC2b31C6,Sparks,1971,,
['7q67fPdDRYIDbYOq7d0BFG'],7wETULeeVZ8cXMVEMaKske,Coward.,2017,12.0,15.0
['7q7cusVVKwljVUd2IFnpcx'],1V4RlD6PGBbqCChfcL0N8a,Come on Down to Texas,2021,6.0,3.0
['7q8PHyyKqhlxw36jabsRc9'],2bIslIDalxaCSt5IOobZz5,TLooP Sings?,2023,2.0,24.0
['7q8PHyyKqhlxw36jabsRc9'],6CsxgEi9xRx2jO7dbxR0Oe,Los Planetas,2022,1.0,1.0
['7q8PHyyKqhlxw36jabsRc9'],4DAoiCZgepnIbljSky1kUA,Vibrancy,2019,7.0,1.0
['7q8PHyyKqhlxw36jabsRc9'],4o1LjSa83d7dfP6Z7q5A7U,Restorative,2019,1.0,1.0
['7q8PHyyKqhlxw36jabsRc9'],70hMy0DlerF1Y8D9FkLkwG,Energetic Flow,2018,9.0,22.0
['7q8PHyyKqhlxw36jabsRc9'],3cH09VqYf6E4gMLRuGhtr5,Baby's Sleep,2018,2.0,14.0
['7q8PHyyKqhlxw36jabsRc9'],6ZyBb7eZ0I2LQMOkKMzEVf,RE:99,2017,10.0,31.0
['7q8PHyyKqhlxw36jabsRc9'],5UfZt06qs3RmdpiRjEFxWJ,Music4ambiance,2017,6.0,20.0
['7qcONvFWlqlwRpgu9Y6r8b'],6jrB6f2b2smPYWaN9B3jBz,Beer and Hymns Orange County,2020,1.0,1.0
['7qcONvFWlqlwRpgu9Y6r8b'],5XRQrPVPdglwDMr0lXLFeM,"Beer and Carols: A Christmas Sing-Along (Live at the Wayfarer, Orange County Ca)",2019,11.0,25.0
['7qiPN4EfYY3qZqZwaAKzN5'],794WeusLEjLBbu61xyph4O,Darker Matter (Deluxe Edition),2019,12.0,26.0
['7qiPN4EfYY3qZqZwaAKzN5'],32k2c56Un91nF99qLsCSTM,Solace (Deluxe Edition),2017,8.0,22.0
['7qiPN4EfYY3qZqZwaAKzN5'],2KLUWYXUbe8ENvWJhwkX6o,Hollow Worlds (Remastered) [Deluxe Edition],2013,6.0,18.0
['7qpGWSiolU9E5WbkvTaMDd'],4yF59YniNUs8m4iGk3yXms,iは自由で、縛れない。,2022,10.0,26.0
['7qpGWSiolU9E5WbkvTaMDd'],2GBDADasYHm9Rho9U0fET9,瞬く世界にiを揺らせ,2020,9.0,16.0
['7qpGWSiolU9E5WbkvTaMDd'],6XOpMOa1OV7QsCeLN8dBnT,私を染めるiの歌,2018,2.0,28.0
['7qpGWSiolU9E5WbkvTaMDd'],5SuByixIlQq7r1bValOe0G,世界はiに満ちている,2015,11.0,18.0
['7rPpyefeTtPZB40uiXMxgS'],7j2KeoG1P5w3LWAD3zpL7q,NOISE,2020,10.0,16.0
['7rPpyefeTtPZB40uiXMxgS'],071vRJpG4bmrZnT6HHae4r,"Viral/Viral, Vol. 1",2020,9.0,18.0
['7rPpyefeTtPZB40uiXMxgS'],5CRfxKeCW3piohqWKK26ft,Constellation,2016,5.0,6.0
['7rPpyefeTtPZB40uiXMxgS'],0BsNK0oaKYtLMSuhQvnWdX,Chris Mann In Concert: A Mann For All Seasons (Live from Sony Picture Studios/2012),2013,1.0,1.0
['7rPpyefeTtPZB40uiXMxgS'],4YzVr84tUndC3CJwcqdExX,Chris Mann In Concert: A Mann For All Seasons (Live from Sony Picture Studios/2012),2013,1.0,1.0
['7rPpyefeTtPZB40uiXMxgS'],6ihHOXiUq9xqAalPlfKNsv,"Home For Christmas, The Chris Mann Christmas Special",2013,1.0,1.0
['7rPpyefeTtPZB40uiXMxgS'],4vKFwLT5DeXV1e56cMLxZi,"Home For Christmas, The Chris Mann Christmas Special",2013,1.0,1.0
['7rPpyefeTtPZB40uiXMxgS'],5y19rUv7gTGZLTo6Frxv42,Roads,2012,1.0,1.0
['7rPpyefeTtPZB40uiXMxgS'],4pTGbe1mHgXu5EBuEOPMLI,Roads,2012,1.0,1.0
['7s7OBxdBRGdlk4cU1wVfIa'],6N2cYab8kNwMldLu10tatS,The Darkest Side,2022,4.0,26.0
['7s7OBxdBRGdlk4cU1wVfIa'],0MzmQCItKwGEheyke135gs,Super Smash Flash 2,2022,2.0,18.0
['7s7OBxdBRGdlk4cU1wVfIa'],5eeI6qej29nsZHgLlKl6cQ,Metal Collection II,2021,10.0,7.0
['7s7OBxdBRGdlk4cU1wVfIa'],3AdyPjM8TWVTYgOtO2XNXQ,Metal Collection,2021,2.0,11.0
"['6HIRyO3O2mbkdwih0Mi4vR', '7sNw4pNLLJNGrU62O80WGE']",2YFlJKe0tMsXjc7QlwRRVp,FLUX!,2022,9.0,9.0
"['7sNw4pNLLJNGrU62O80WGE', '1dYfhrPxJSeCJp8gGwN4qo', '3gFdymAugBzttDhDaH6VJo']",7lrWmmn11HsBn5eZIAkTbW,Detour,2021,12.0,3.0
['7sNw4pNLLJNGrU62O80WGE'],0WNSzOsnggk6bEFRR9p9CR,Tales of a Flowing Forest,2020,11.0,9.0
"['7sNw4pNLLJNGrU62O80WGE', '1FtS4zSQaKNwJDXcXWX9CD']",41ae5LuMxt6BDqdcULQzsO,Sediments,2020,7.0,23.0
['7sNw4pNLLJNGrU62O80WGE'],6SI7qnL9r7SO6Jv0c9I25l,Mind Garden,2018,9.0,5.0
['7sNw4pNLLJNGrU62O80WGE'],0c98udKNLWS8kNsgNPM2XU,essence,2017,12.0,31.0
['7sNw4pNLLJNGrU62O80WGE'],5AIRfGvGnppGkvjx6Yruxi,currents,2017,3.0,2.0
['7sNw4pNLLJNGrU62O80WGE'],7is9hZHWtLUcsfKlOd7TJg,recreation,2017,1.0,2.0
['7sNw4pNLLJNGrU62O80WGE'],4hAjRAWKEsbvvPMYKB6Z5s,memoirs,2016,11.0,7.0
['7sQ3Q6yYyg0SdpEezJN8UT'],68BWXXM5TnonHxNwOXz4lm,Échenle Coco,2022,6.0,17.0
['7sQ3Q6yYyg0SdpEezJN8UT'],2yfdhZqHLZXOgQeAThSr4B,Exitos En Vivo Vol. 1,2020,11.0,12.0
['7sQ3Q6yYyg0SdpEezJN8UT'],413gecZxn5pFxE7hekZYGW,Exitos En Vivo Vol. 2,2020,11.0,12.0
['7sQ3Q6yYyg0SdpEezJN8UT'],11RxvUuFr3iNGo6b3V7wi8,Porque Te Amé (Vol. 1),2018,10.0,19.0
['7sQ3Q6yYyg0SdpEezJN8UT'],3HZwshxrCybf8WzwrGLw22,Las Bandas Románticas,2016,1.0,29.0
['7sQ3Q6yYyg0SdpEezJN8UT'],5UzQKR8W5Rs0cR7H0tOa47,20 Corridos Bien Perrones,2015,4.0,5.0
['7sQ3Q6yYyg0SdpEezJN8UT'],2GmMwW28XPFKOpbnWTKGmL,20 Kilates,2014,8.0,5.0
['7sQ3Q6yYyg0SdpEezJN8UT'],7i5xLbOj6zyoDAJUnpHhGZ,Alucine,2014,7.0,25.0
['7sQ3Q6yYyg0SdpEezJN8UT'],1tAbbio0pdkkK8BGxh3Wyy,12 Favoritas,2014,1.0,1.0
['7sQ3Q6yYyg0SdpEezJN8UT'],2W4aCF12FnXbeF5LBkLgIv,Íconos 25 Éxitos,2013,1.0,1.0
['7sQ3Q6yYyg0SdpEezJN8UT'],2smzCkewD9Jfht4iw9spg6,Como una Huella Digital,2012,11.0,20.0
['7sQ3Q6yYyg0SdpEezJN8UT'],246B5dU5Ai5guXS6UAER7b,Las Mera Buenas,2012,1.0,1.0
['7sQ3Q6yYyg0SdpEezJN8UT'],0dr5zUjBE9MOPhHwvxyNKU,Momentos De Coleccion,2012,1.0,1.0
['7sQ3Q6yYyg0SdpEezJN8UT'],1FajOqCHXRux8YmKtYVbjg,Escuela de la Vida,2011,3.0,9.0
['7sQ3Q6yYyg0SdpEezJN8UT'],0mtRgmzxZP7qeD8Sr9yNPy,El Polo Norte,2008,10.0,21.0
['7sQ3Q6yYyg0SdpEezJN8UT'],64nVGr7Tfg8uvGRGu9IS4s,30 Del Recuerdo,2008,1.0,1.0
['7sQ3Q6yYyg0SdpEezJN8UT'],6r7AjafY3zOgisbzzhr4KC,Exitos Pa' Mi Raza,2008,1.0,1.0
['7sQ3Q6yYyg0SdpEezJN8UT'],5IUhaLA9PFfj1UgknJ0I5f,Coleccion Suprema,2007,1.0,1.0
['7sQ3Q6yYyg0SdpEezJN8UT'],0dnIDTjwZ47gk2AgqXekNh,Coleccion Suprema Plus- El Coyote Y Su Banda Tierra Santa,2007,1.0,1.0
['7sQ3Q6yYyg0SdpEezJN8UT'],3XZI1U6QFEnxeKgZRaqDB6,Serie Verde- El Coyote Y Su Banda Tierra Santa,2007,1.0,1.0
['7sQ3Q6yYyg0SdpEezJN8UT'],1fTMFtna1GzcCtBH4tBGNT,Prohibido,2006,3.0,28.0
['7sQ3Q6yYyg0SdpEezJN8UT'],3vRPRsG6QhHxz2j5DjR37o,Fiestamex,2006,1.0,1.0
['7sQ3Q6yYyg0SdpEezJN8UT'],0cGP0gDChxLeHnYAJTKOhy,Siguiendo La Historia,2006,1.0,1.0
['7sQ3Q6yYyg0SdpEezJN8UT'],1MWHfmhCI3Y5iX0f0GwV5J,Decimo Aniversario,2005,9.0,13.0
['7sQ3Q6yYyg0SdpEezJN8UT'],6k7d21DElnpqLJJZ9f1TEl,La Evolucion De Una Estrella,2005,1.0,1.0
['7sQ3Q6yYyg0SdpEezJN8UT'],6CE7YrsZV7r70OadZDrPTS,Lo Basico,2005,1.0,1.0
['7sQ3Q6yYyg0SdpEezJN8UT'],2EsT6h6uz0AUyozpqoJh7e,El Rancho Grande,2003,1.0,1.0
['7sQ3Q6yYyg0SdpEezJN8UT'],5ld9ikvXhVrDJ0D3OwPY5K,El Amor No Tiene Edad,2002,1.0,1.0
['7sQ3Q6yYyg0SdpEezJN8UT'],4Txi7EuXuO1w8AnxRi6eZU,La Historia,2002,1.0,1.0
['7sQ3Q6yYyg0SdpEezJN8UT'],2oai80RcPheeeg0bNCPDRW,Puras Rancheras,2002,1.0,1.0
['7sQ3Q6yYyg0SdpEezJN8UT'],5Xh3r6kzRx25E91eNZh8cJ,Cuando Regreso A Tus Brazos,2001,1.0,1.0
['7sQ3Q6yYyg0SdpEezJN8UT'],7EVGFNX0svFH7FhInsIo2h,Esto Es Lo Nuestro - 20 Exitos,2001,1.0,1.0
['7sQ3Q6yYyg0SdpEezJN8UT'],0DtuRnKX8XgK2Os72ACGrY,Te Soñé,2000,1.0,1.0
['7sQ3Q6yYyg0SdpEezJN8UT'],4YblOZueMvUtw52G7DETSj,El Amo,1999,1.0,1.0
['7sQ3Q6yYyg0SdpEezJN8UT'],78HIF5oTYm7ouvaMvFyz7i,Profundamente,1999,1.0,1.0
['7sQ3Q6yYyg0SdpEezJN8UT'],74dTTdKKCU5SXZpJvdSygY,Concedeme,1998,1.0,1.0
"['7saDvxqzCAwySXjDdlZNqw', '1EbHNLhZfVqNhmthBWUdLg', '1lwgWDi0ew06JJct96kjZi']",7LFtL2HnUoOEYxsk5WldWy,A Stormy Day at the Beach,2022,12.0,28.0
"['01LnKEsWDghr7r7JQHycyx', '1EbHNLhZfVqNhmthBWUdLg', '7saDvxqzCAwySXjDdlZNqw']",0oIQvs5GYAnturH8MB4NnZ,White Noise and White Noise Alternatives,2022,12.0,24.0
"['7saDvxqzCAwySXjDdlZNqw', '1EbHNLhZfVqNhmthBWUdLg', '1lwgWDi0ew06JJct96kjZi']",7pwLpbxFw0eKhVaUpalbZH,Dishwashers for Background Sounds and White Noise,2022,12.0,15.0
"['7saDvxqzCAwySXjDdlZNqw', '01LnKEsWDghr7r7JQHycyx', '1EbHNLhZfVqNhmthBWUdLg']",4hxMEbYGxAsDLCUfW1kyeJ,Clothes Dryers for Background Sounds and White Noise,2022,12.0,7.0
"['4skNmx9WnfU3eeemHE9Pil', '1lwgWDi0ew06JJct96kjZi', '7saDvxqzCAwySXjDdlZNqw']",0rZ8Tg02M23aIfizf2m46I,Refrigerators and Generators for Background Sounds and White Noises,2022,12.0,6.0
"['7saDvxqzCAwySXjDdlZNqw', '1lwgWDi0ew06JJct96kjZi', '2LFckOYhr4hG0PtLqHYWkz']",1dAPYMObOFnHd0Opj30Cyc,Soothing Waterfalls for Calming Background Sounds and Natural White Noise,2022,12.0,6.0
"['01LnKEsWDghr7r7JQHycyx', '7saDvxqzCAwySXjDdlZNqw', '1lwgWDi0ew06JJct96kjZi']",0CpCcDcGsYobuFkEv1oudI,"Small Indoor Waterfalls, Rock Gardens, and other Decorative Water Features for Background Sounds",2022,11.0,29.0
"['7saDvxqzCAwySXjDdlZNqw', '1EbHNLhZfVqNhmthBWUdLg', '4skNmx9WnfU3eeemHE9Pil']",0Wbc57kDCsilbZfG3jPe25,Soothing Waves of Ocean and Sea for Background Sounds and Natural White Noise,2022,11.0,25.0
"['4skNmx9WnfU3eeemHE9Pil', '7saDvxqzCAwySXjDdlZNqw', '1EbHNLhZfVqNhmthBWUdLg']",0sMIsoFRDTx8RudGGRJQJf,Brown Noise,2022,11.0,10.0
"['1lwgWDi0ew06JJct96kjZi', '1EbHNLhZfVqNhmthBWUdLg', '7saDvxqzCAwySXjDdlZNqw']",1xgXzuRSvZQGwf9aGd9E4Y,Soothing Streams for Background Sounds and Natural White Noise,2022,11.0,10.0
"['1EbHNLhZfVqNhmthBWUdLg', '01LnKEsWDghr7r7JQHycyx', '7saDvxqzCAwySXjDdlZNqw']",1wCJxM0qnWlnJxDiLIsjF1,"Running Water from Spouts, Spickets, and Faucets for Background Sounds and White Noise",2022,11.0,2.0
"['1EbHNLhZfVqNhmthBWUdLg', '7saDvxqzCAwySXjDdlZNqw', '01LnKEsWDghr7r7JQHycyx']",0D137qzjNZinIj90Dkrmxe,Soothing Rapids for Background Sounds and Natural White Noise,2022,11.0,2.0
"['1lwgWDi0ew06JJct96kjZi', '7saDvxqzCAwySXjDdlZNqw', '01LnKEsWDghr7r7JQHycyx']",7pb46LkfvKLaaNWTn1RAno,Shipping Yard Sounds for Background Sound and White Noise,2022,11.0,1.0
"['01LnKEsWDghr7r7JQHycyx', '2LFckOYhr4hG0PtLqHYWkz', '7saDvxqzCAwySXjDdlZNqw']",2bBwR0QVBFV09ga61v89el,Gentle Rain and Angry Thunder Storms,2022,10.0,29.0
"['7saDvxqzCAwySXjDdlZNqw', '2LFckOYhr4hG0PtLqHYWkz', '4skNmx9WnfU3eeemHE9Pil']",4zkwqk5Wb1a1BmqgrMmcam,Hair Dryers for Background Sounds and White Noise,2022,10.0,27.0
"['7saDvxqzCAwySXjDdlZNqw', '4skNmx9WnfU3eeemHE9Pil', '1EbHNLhZfVqNhmthBWUdLg']",2KaKVYClKXcUNYZl9HohQe,Soothing Showers for Background Sounds and White Noise,2022,10.0,26.0
"['01LnKEsWDghr7r7JQHycyx', '7saDvxqzCAwySXjDdlZNqw', '2LFckOYhr4hG0PtLqHYWkz']",2myrbvyZsTLza9xhi8DTkC,Factory Sounds for Background and White Noise,2022,10.0,22.0
"['1lwgWDi0ew06JJct96kjZi', '1EbHNLhZfVqNhmthBWUdLg', '7saDvxqzCAwySXjDdlZNqw']",2CIXglOaHtddyX2a3iCO3O,Asleep in the Backseat - Listening to Car Engines for Background Sounds and White Noise,2022,10.0,17.0
"['7saDvxqzCAwySXjDdlZNqw', '1EbHNLhZfVqNhmthBWUdLg', '4skNmx9WnfU3eeemHE9Pil']",08TkBwOGMKOMhhmEsKxPHY,Soothing Fans and Air Conditioners for Background Sounds and White Noise,2022,10.0,15.0
"['1EbHNLhZfVqNhmthBWUdLg', '4skNmx9WnfU3eeemHE9Pil', '7saDvxqzCAwySXjDdlZNqw']",5w8GqWuby7KI4gA3bJADAC,Vacuum Cleaners for Background Sounds and White Noise,2022,10.0,15.0
"['01LnKEsWDghr7r7JQHycyx', '4skNmx9WnfU3eeemHE9Pil', '7saDvxqzCAwySXjDdlZNqw']",2ohEZXXSe78sW5Rq9tXIVV,The Wind and the Rain,2022,10.0,9.0
"['4W12lEvVl5wectUtRNrvDh', '7saDvxqzCAwySXjDdlZNqw', '1PyHoG4SqWPGOQwbUTyxhN']",2hxHfTDTXQXEJnVs8Lpc7D,Soothing Brown Noise,2022,4.0,10.0
"['2v4Lbdw4AEnnNVVUHi9esf', '7sShDvKJGY0lAIm71AYoZ3', '7saDvxqzCAwySXjDdlZNqw']",53E2oDkUHj3FJdSw2nVYA1,Soothing Clothes Dryer Backgrounds,2022,4.0,6.0
['7saDvxqzCAwySXjDdlZNqw'],2R9JnBgsJQFDAbYESbdVZn,Box Fan A/C White Noise,2021,7.0,16.0
['7saDvxqzCAwySXjDdlZNqw'],6K4Ijf0SftqJqG6A8DVPxO,White Noise Zen,2021,6.0,25.0
['7saDvxqzCAwySXjDdlZNqw'],7eFWVyjSNA8S5VCRgGEdhK,White Noise Comfort Zone,2021,2.0,26.0
['7saDvxqzCAwySXjDdlZNqw'],7y6HOZ6bD1Dy2YQ2pU8y7v,Heavenly White Noise,2021,1.0,8.0
['7saDvxqzCAwySXjDdlZNqw'],3ghN0PeP3H2gC5NhPmFBFb,Fast Asleep White Noise,2020,10.0,2.0
['7saDvxqzCAwySXjDdlZNqw'],3KWfYel1N2dtp2t7WJr4sy,Rainbow Dream Noise Library,2020,9.0,4.0
['7saDvxqzCAwySXjDdlZNqw'],3f3yHldlODN3iWvVFcbKGi,White Noise City Traffic,2020,7.0,31.0
['7saDvxqzCAwySXjDdlZNqw'],29eDJmk8SN4HxyfawwMBtn,Blue Noise Baby Sleep,2020,7.0,22.0
['7saDvxqzCAwySXjDdlZNqw'],6l7cGBmLZ38SBqngvYZNzY,Brown Noise Baby Sleep,2020,7.0,10.0
['7saDvxqzCAwySXjDdlZNqw'],6JWmuBXMPe5r1g7RL7kkIw,Analog White Noise,2020,4.0,17.0
['7saDvxqzCAwySXjDdlZNqw'],6ZNEg8L3YNLNBYOS3Skev6,Ocean Waves Malibu,2020,1.0,22.0
['7saDvxqzCAwySXjDdlZNqw'],5xlFwSO6EN79pkG9e8J7mt,White Noise Descent,2019,8.0,30.0
['7saDvxqzCAwySXjDdlZNqw'],30m3GlAjbVD5mDbSeMTzU5,Baby Sleep White Noise,2019,3.0,22.0
['7saDvxqzCAwySXjDdlZNqw'],7afJ75dyqcSPUxtP3WEk0a,Pure Pink Noise: Deep Sleep 250 Hz,2019,1.0,11.0
['7saDvxqzCAwySXjDdlZNqw'],0rZOxLnfgraNKR74iimS86,Pure White Noise: Deep Sleep 250 Hz,2019,1.0,11.0
['7saDvxqzCAwySXjDdlZNqw'],5u6HxJWbAaFyjyzTo6gdXv,Pure White Noise: Good Sleep 432 Hz,2019,1.0,11.0
['7skW83iAdlt0949P3O12Ay'],7rL3Eg2Q1P3eaB0Iqm88U1,Once Again,2022,12.0,30.0
['7sqqd0D9gAGYojKY5E1wtY'],5XznagCs3NYBjajzG2LBi5,High Crimes,2019,4.0,26.0
['7sqqd0D9gAGYojKY5E1wtY'],3vePudozuGSA1iy0itwwxz,High Times,2019,4.0,26.0
['7sqqd0D9gAGYojKY5E1wtY'],72ZREKu4hlLVL4zdtQ1aoP,Ironiclast (Explicit Version),2010,1.0,1.0
['7sqqd0D9gAGYojKY5E1wtY'],758dFjOmZ2dwslg94y4nD7,Ironiclast,2010,1.0,1.0
['7sqqd0D9gAGYojKY5E1wtY'],5ZmkAzsIitDu8lT2LlmeNO,Ironiclast,2010,1.0,1.0
['7t0rwkOPGlDPEhaOcVtOt9'],3YsIgJc0Df1D3VV2MXRgxq,Remembering Dolores,2021,9.0,6.0
['7t0rwkOPGlDPEhaOcVtOt9'],719zEHYz9RcUXss1LP1ouT,No Need To Argue (Deluxe),2020,11.0,13.0
['7t0rwkOPGlDPEhaOcVtOt9'],7trDIqbox2Fwr6ooFZoATa,No Need To Argue (Remastered 2020),2020,11.0,13.0
['7t0rwkOPGlDPEhaOcVtOt9'],6HNTsQFMdG9XdQ4ROCG995,In the End,2019,4.0,26.0
['7t0rwkOPGlDPEhaOcVtOt9'],4cfq0YAgWhhIqTkVkYyvbC,In the End,2019,4.0,26.0
['7t0rwkOPGlDPEhaOcVtOt9'],0iBRl2CMi7gbt17WfdVI2r,Something Else,2017,4.0,28.0
['7t0rwkOPGlDPEhaOcVtOt9'],6rTGpCVnXY2ph0a1aaIrEL,Something Else,2017,4.0,28.0
['7t0rwkOPGlDPEhaOcVtOt9'],0OdzgcmiA4tD4FqIX4qpKt,"Live At the Hammersmith Apollo, London 2012",2012,12.0,3.0
['7t0rwkOPGlDPEhaOcVtOt9'],2mB4wsvFWd4EpkSQQMYjzz,Roses (Deluxe Edition),2012,2.0,26.0
['7t0rwkOPGlDPEhaOcVtOt9'],2gtvMM4OCUCkDAhB0JFaVM,Roses,2012,2.0,26.0
['7t0rwkOPGlDPEhaOcVtOt9'],75AjCgOwqEyU7WI33rfFH6,Roses,2012,2.0,26.0
['7t0rwkOPGlDPEhaOcVtOt9'],0IoyUgiseS3clm6DX8t0SK,Roses (Extended Version),2012,2.0,22.0
['7t0rwkOPGlDPEhaOcVtOt9'],3489AcFav3Pyb9WLeFm2nS,Roses (Limited Deluxe Version),2012,2.0,22.0
['7t0rwkOPGlDPEhaOcVtOt9'],0b6faolEuLO4ldwxRtsawy,Roses,2012,2.0,22.0
['7t0rwkOPGlDPEhaOcVtOt9'],4rDXelyOv9EN1Zz1spMhP2,"Live 2010 - Zenith Paris, 22.03.10",2012,2.0,6.0
['7t0rwkOPGlDPEhaOcVtOt9'],5t2O9jAd0EmDek6NXWYRtz,Bualadh Bos: The Cranberries Live,2009,11.0,10.0
['7t0rwkOPGlDPEhaOcVtOt9'],4oKc80cMZn9Pz434FIOArm,Wake Up And Smell The Coffee,2001,10.0,22.0
['7t0rwkOPGlDPEhaOcVtOt9'],2E1EmeusDZXP7KhF2yayPp,Wake Up And Smell The Coffee,2001,10.0,22.0
['7t0rwkOPGlDPEhaOcVtOt9'],592j1syleeHJWGP5a4kYPm,Wake Up And Smell The Coffee,2001,10.0,22.0
['7t0rwkOPGlDPEhaOcVtOt9'],2wdIQYvNrtiChFRgY9Ii1a,Bury The Hatchet: The Complete Sessions 1998-1999,1999,4.0,19.0
['7t0rwkOPGlDPEhaOcVtOt9'],2srYaRTmOovttPAgK9sGoT,Bury The Hatchet (The Complete Sessions 1998-1999),1999,4.0,19.0
['7t0rwkOPGlDPEhaOcVtOt9'],2v9PjvIkQVnyQdtD1iQD7e,Bury The Hatchet,1999,4.0,19.0
['7t0rwkOPGlDPEhaOcVtOt9'],6re8Qh8GMzxH92LO1xj2jU,To The Faithful Departed (The Complete Sessions 1996-1997),1996,4.0,30.0
['7t0rwkOPGlDPEhaOcVtOt9'],5G3I9bLpCZxK4XeLyJ69iu,To The Faithful Departed,1996,4.0,30.0
['7t0rwkOPGlDPEhaOcVtOt9'],3QkSnuKOjKG8u5A2iRxckz,To The Faithful Departed,1996,1.0,1.0
['7t0rwkOPGlDPEhaOcVtOt9'],1Bwo9JkbVwxGyvtQNMRK21,No Need To Argue (The Complete Sessions 1994-1995),1994,10.0,3.0
['7t0rwkOPGlDPEhaOcVtOt9'],0AP5O47kJWlaKVnnybKvQI,"Everybody Else Is Doing It, So Why Can't We?",1993,3.0,1.0
['7t0rwkOPGlDPEhaOcVtOt9'],11t5u8CpcC89l1zgqdqF5Z,"Everybody Else Is Doing It, So Why Can't We? (Super Deluxe)",1993,3.0,1.0
['7t0rwkOPGlDPEhaOcVtOt9'],3ySNx9AXPp4xdyU4WZ37NT,"Everybody Else Is Doing It, So Why Can't We? (The Complete Sessions 1991-1993)",1993,3.0,1.0
['7tkwiWhGKSuQV8LwPWceWN'],36u5w6ipPaJNDeuKawcyJw,The Lost Files: Exhibit A,2023,2.0,17.0
['7tkwiWhGKSuQV8LwPWceWN'],3z4mJYzha57sn2r4NtkyaP,See You Try,2018,6.0,8.0
['7tkwiWhGKSuQV8LwPWceWN'],1gJBFIxt0YT2v7kZWq99Rs,See You Try,2016,,
['7tkwiWhGKSuQV8LwPWceWN'],1h2H9ZzaQ0RPTOx8rtUgoO,Never Regret,2013,5.0,10.0
['7tkwiWhGKSuQV8LwPWceWN'],0iRTiQTZCcXvL4kd1lfk7X,Never Regret,2013,5.0,7.0
['7tkwiWhGKSuQV8LwPWceWN'],5ddaDBMjSKYLMcmWw9p2zE,Craig Campbell (Deluxe Edition),2013,1.0,18.0
['7tkwiWhGKSuQV8LwPWceWN'],4MDuRzRjIR70TTOqk32pmd,Craig Campbell,2012,3.0,16.0
['7tkwiWhGKSuQV8LwPWceWN'],1TwrHiwVEFcrHpWL7W6lxa,Craig Campbell,2011,4.0,5.0
['7tlSFMWShRTx8pLjEy6Atc'],6ABAFBwfzlgWMhMFTjP4Wn,"The Matrix, Pt. 2",2021,12.0,22.0
['7tlSFMWShRTx8pLjEy6Atc'],2kLfQ5Zkd8EhQBKTBXUJmw,Halloween Horror,2020,10.0,20.0
['7tlSFMWShRTx8pLjEy6Atc'],2BtTUa3es4gGkhAAbVfgnn,Rose Above It All,2020,4.0,11.0
['7u9m43vPVTERaALXXOzrRq'],4YhcIiSWWNeJGbJ5vwrIHB,Nieves de Enero,2022,9.0,16.0
['7u9m43vPVTERaALXXOzrRq'],0MKsMtUgIIJ0ITShmUqs8M,Alma Enamorada,2022,9.0,9.0
"['3tLdnHmnfkIdQq5cyFDl69', '6wLIwyIXnQ5rjjBmSpRNZe', '7u9m43vPVTERaALXXOzrRq']",2cq6TFJb6P1cJdGqwhtW1j,Los Mejores Duetos del Año,2022,1.0,20.0
"['7u9m43vPVTERaALXXOzrRq', '0nzoIWY4mS8u6ak1vpI0yc']",6hWojKHaSBGdXMVMkXg5jO,Cantando A Dueto,2021,12.0,31.0
['7u9m43vPVTERaALXXOzrRq'],4ZMBpsg00wdL1oZXtXlVqO,"Exitos De Colección, Vol.1",2021,11.0,26.0
['7u9m43vPVTERaALXXOzrRq'],6ndKcl12rSUlYFAj46ILmR,Los sufrimientos,2021,9.0,24.0
['7u9m43vPVTERaALXXOzrRq'],6UQUW0B830vE7IcZ5M92Rb,Éxitos de Colección,2021,7.0,2.0
"['3tLdnHmnfkIdQq5cyFDl69', '7u9m43vPVTERaALXXOzrRq']",1KAXqFk0pymDcyiHeE4b1S,Los Inmortales con banda Sinaloense La Costeña,2021,6.0,25.0
['7u9m43vPVTERaALXXOzrRq'],58mKCdytAa8Ot8LBDgatzW,Los sufrimientos,2021,6.0,25.0
['7u9m43vPVTERaALXXOzrRq'],27vRW9ESsSl3wacNrzXCV3,Homenaje Al Rey Del Corrido Chalino Sanchez,2020,8.0,28.0
['7u9m43vPVTERaALXXOzrRq'],1HjUAVVEwOBdj2UOgxiVIz,Mi Mexico Querido,2020,5.0,15.0
['7u9m43vPVTERaALXXOzrRq'],2CE2ti0pvnknUDnu1KayoG,20 Exitos,2019,5.0,16.0
['7u9m43vPVTERaALXXOzrRq'],5nC5h4aOS4xnsuXo3DbcDp,Agustín Nava,2019,2.0,1.0
"['7u9m43vPVTERaALXXOzrRq', '1At8hpss4elY0GBg2qP31j']",1KHI5ZBkkH5IT8jC4A1WWC,Cuentame Tus Penas,2018,10.0,9.0
"['6jX8H7luktPGAa5N5rzctE', '7u9m43vPVTERaALXXOzrRq']",4QEvtFqeuRdw9sC8GwrNuC,Agarron Entre Inmortales 20 Exitos Norteños,2018,8.0,22.0
['7u9m43vPVTERaALXXOzrRq'],0b7eYuNQrs2tBzoyTbQmPM,En Vivo Desde El Parral Vol.2,2018,8.0,13.0
['7u9m43vPVTERaALXXOzrRq'],6p940G05GQWqYBuxpW3NTQ,Pescadores de Ensenada Quisiera Ser Pajarillo,2017,10.0,31.0
['7u9m43vPVTERaALXXOzrRq'],72cZaxt7RqD9DlOKSEBR8y,Baraja de Oro - Hermosísimo Lucero,2017,10.0,25.0
['7u9m43vPVTERaALXXOzrRq'],7qufO8Qswx771T5kngc7YW,Salvador López Beltrán,2017,10.0,25.0
['7u9m43vPVTERaALXXOzrRq'],6woCMPHbOPRmCtMApkcmOE,Valentin Felix,2017,10.0,10.0
['7u9m43vPVTERaALXXOzrRq'],3nGd3pG43WZaa2n38nq4gS,Puros Exitos de Coleccion!,2017,4.0,19.0
"['7u9m43vPVTERaALXXOzrRq', '3bjZumiAGccDidSrDvGSNZ']",6DpKc96Q1LoaoodxOiAciK,Arriba Mi Sinaloa,2017,3.0,27.0
['7u9m43vPVTERaALXXOzrRq'],2WZ0VzhAPOQoqGmJcVZdn9,Exitos de Coleccion: 8 Temas en Vivo Desde el Parral,2016,11.0,22.0
"['7u9m43vPVTERaALXXOzrRq', '3T53YHoqls7EecZNZWXeaq']",7r0SMtXEYyieiOI3g07zou,Mano A Mano,2016,2.0,2.0
['7u9m43vPVTERaALXXOzrRq'],7ImTCgLYqM3kDUKU1see8m,Mi Verdadero Historia En 20 Exitos,2015,5.0,15.0
"['7u9m43vPVTERaALXXOzrRq', '7qle9DSi8idfSlwO0XCFpx']",16MrsMDG0RKyQIeFJ1H6WM,Mano A Mano Norteno,2015,2.0,2.0
"['7u9m43vPVTERaALXXOzrRq', '7LZuNUAos1awOdp8puLHbr']",5OZ1nMacJt0DEpT7xw2eIg,Frente A Frente,2014,8.0,22.0
"['7u9m43vPVTERaALXXOzrRq', '7r6kHYuxetBFp0EEKnLHmk']",0bxZCabdF0C7J6pguZbb9o,Mario Portillo,2014,7.0,31.0
['7u9m43vPVTERaALXXOzrRq'],3ibQUs0Ji87hYb8SCfLEGk,Corridos Con Banda Norteña,2013,7.0,3.0
['7u9m43vPVTERaALXXOzrRq'],5ISs9InJoAY2PX64IoBax4,Puros Éxitos,2012,9.0,7.0
['7u9m43vPVTERaALXXOzrRq'],0l1m4FOStVJxLb3Ogf9EKn,Nieves De Enero,2012,1.0,16.0
['7u9m43vPVTERaALXXOzrRq'],6qrUZuUvX48LBjmGNc5poC,"Colección De Oro: Mis Mejores Corridos, Vol. 2",2010,1.0,6.0
['7u9m43vPVTERaALXXOzrRq'],60Ct5U4wMdKjuW7AtwpkyU,"Colección De Oro: Mis Mejores Corridos, Vol. 3",2010,1.0,6.0
['7u9m43vPVTERaALXXOzrRq'],36jCcEa1q6XBthTOu2sCYu,"Colección De Oro: Mis Mejores Corridos, Vol. 1",2010,1.0,1.0
['7u9m43vPVTERaALXXOzrRq'],2TQdnG3ebXV3tvI8vkrpe3,"Colección De Oro, Vol. 2: La Muerte Del Pela Vacas",2009,11.0,13.0
['7u9m43vPVTERaALXXOzrRq'],4nduuw4zkvqwVu0y6Dgh0l,"Colección De Oro, Vol. 3: El Pávido Návido",2009,11.0,13.0
['7u9m43vPVTERaALXXOzrRq'],27FxsS3ZVosnJt63oekZ8u,Chalino Sánchez Con Su Banda Norteña,2009,7.0,10.0
['7u9m43vPVTERaALXXOzrRq'],42pXVEjt5cFjGaiV53WoGK,"Colección De Oro: Chalino Y Sus Amigos – Conjunto Norteño Y Banda, Vol. 1",2009,6.0,17.0
['7u9m43vPVTERaALXXOzrRq'],51cIghfSciNUjJQiaka3jS,"Colección de Oro: Chalino y Sus Amigos – Conjunto Norteño y Banda, Vol. 3",2009,6.0,17.0
['7u9m43vPVTERaALXXOzrRq'],4RaMtUyXVH9te5vLisOYmQ,Las Consentidas De Chalino Sánchez,2008,10.0,20.0
['7u9m43vPVTERaALXXOzrRq'],6EUR1fKyYifEHVaFSPhEIM,Con Sus 17 Mejores Exitos,2008,1.0,1.0
['7u9m43vPVTERaALXXOzrRq'],6bwKqJnXxeDt1LIcoTBjJl,Mis Mejores Canciones 17 Súper Exitos,2008,1.0,1.0
"['7u9m43vPVTERaALXXOzrRq', '76Hwa5h65e4QsavpHjC9cL']",4yK6GWS8i0G5oKLZ7BUWnM,15 Éxitos Norteños,2008,1.0,1.0
['7u9m43vPVTERaALXXOzrRq'],6DcxBKar8yaQd4e8aQSmP2,20 Éxitos Inolvidables Banda y Norteño,2007,8.0,10.0
['7u9m43vPVTERaALXXOzrRq'],5xUHEYOHboBZXp4W0vPF8X,"Chalino Sánchez , 20 Éxitos con Banda y Norteño",2007,,
"['7u9m43vPVTERaALXXOzrRq', '68HJ6HolG5VrgIdGOMRGS3', '3CAhiUHkUYT1mFtVHM9SHA']",7LxNrowP2epA5bOOH2hXeO,Los Inmortales,2007,,
['7u9m43vPVTERaALXXOzrRq'],2GseDnFQneXA03XIpRaKOE,A Lo Duranguense,2006,8.0,17.0
['7u9m43vPVTERaALXXOzrRq'],2lyLn4y0AJ6xDyZJtdF25G,Mi Historia: Chalino Sánchez,2005,8.0,12.0
['7u9m43vPVTERaALXXOzrRq'],24B02toxRbCIgap2FCKS7i,Corridos Con Banda,2005,1.0,20.0
"['7gtrOCQ2isgvivVzGL7KN9', '7u9m43vPVTERaALXXOzrRq']",6TC6dZzAPg3teLHyoUA3p7,Los Grandes,2004,4.0,5.0
['7u9m43vPVTERaALXXOzrRq'],2LXHtoY1xeMWKxXzc7GK2f,Hermosísimo Lucero,2004,1.0,1.0
['7u9m43vPVTERaALXXOzrRq'],1jwF6201ArjpfHKzrL0VU5,Sus Mejore Éxitos Con Mariachi,2003,1.0,1.0
['7u9m43vPVTERaALXXOzrRq'],6LxSZiUs4esgDajqF1hs2Y,"Colección De Oro De Chalino Sánchez, Vol. 2: Corridos",2002,3.0,26.0
['7u9m43vPVTERaALXXOzrRq'],7qnW2f9s1A3erHKGZlH6or,"Colección De Oro De Chalino Sánchez, Vol. 3: Con Banda",2002,3.0,26.0
"['7u9m43vPVTERaALXXOzrRq', '7HcFX1LEnI6zHIHCt8olTl']",1YcHCRtsC5MwTW2rDc0BVU,Juntos Cantan a México Con Mariachi,2002,3.0,16.0
['7u9m43vPVTERaALXXOzrRq'],4xzZys5i4CgTOBLtm2Hlkj,Juntos Cantan a México Con Mariachi,2002,3.0,5.0
['7u9m43vPVTERaALXXOzrRq'],1VhHaNiy7QA6BlbWGSKvZm,Mis Mejores Canciones,2002,1.0,1.0
['7u9m43vPVTERaALXXOzrRq'],0Bjm7wilLOWLeA3jG89olr,Chalino Sánchez Con Las Guitarras De La Sierra Sinaloense,2001,10.0,22.0
['7u9m43vPVTERaALXXOzrRq'],6O2piUR0VCxnio8UYhdcvc,Chalino Sánchez Y Sus Compas (En Vivo),2001,7.0,13.0
"['7u9m43vPVTERaALXXOzrRq', '77tqxIanLn23dytqgkIXFF']",5elRy6cbs3w3gziYlJPt84,Dos Grandes Sinaloenses,2001,3.0,14.0
['7u9m43vPVTERaALXXOzrRq'],23yzFm7WENzQArdhWNGoQK,Chalino Sánchez Canta Corridos Al Estilo Culiacán,2001,2.0,13.0
['7u9m43vPVTERaALXXOzrRq'],1a1509VzQv4iLdnikkzPTm,Chalino Sánchez Cantando Con Sus Amigos,2001,2.0,13.0
['7u9m43vPVTERaALXXOzrRq'],1j2PMIKiHfjbSDLF4J5SDb,Homenaje al Pollero,2001,2.0,13.0
['7u9m43vPVTERaALXXOzrRq'],26jewTq5DzesUy9vfG83nw,La Flor Del Campo: El Pávido Návido,2001,2.0,13.0
['7u9m43vPVTERaALXXOzrRq'],2BQL56McCkLWnQHPvxe8fS,Mas Éxitos Con Chalino Sánchez,2001,2.0,13.0
['7u9m43vPVTERaALXXOzrRq'],0UHUeoj1lA5F5REC5V0cg2,Y Sigue la Balacera,2001,2.0,13.0
"['7u9m43vPVTERaALXXOzrRq', '77tqxIanLn23dytqgkIXFF']",698dzwhEVj7N2IuTZgtWIz,Dos Grandes Sinaloenses,2001,1.0,1.0
['7u9m43vPVTERaALXXOzrRq'],4LxVG16PcSIfYEu0yhdkUz,Baraja de Oro,2000,6.0,14.0
['7u9m43vPVTERaALXXOzrRq'],26dWpTNZZ3Qnpb0N2QHQYC,Canta Con Mariachi,2000,5.0,5.0
['7u9m43vPVTERaALXXOzrRq'],04kp6esxZGU2hWRzdbxrRG,Baraja De Oro,2000,1.0,1.0
['7u9m43vPVTERaALXXOzrRq'],7CPDYDMIsGHyfzPN8I6bRz,Canta Con Mariachi,2000,,
"['7u9m43vPVTERaALXXOzrRq', '2hbA9AbMYcgXBGgBK6MCfx']",3eOLK1d8HKJFaZfwneTLWB,Los Dos Grandes: Cornelio Reyna & Chalino Sánchez Con Mariachi,1999,10.0,13.0
['7u9m43vPVTERaALXXOzrRq'],3kakwxHzlPg0K09E3aieVF,Chalino Sánchez En Vivo,1999,5.0,7.0
['7u9m43vPVTERaALXXOzrRq'],4ZyNSf7JIiQ2aLN5dpxqKa,Dos Cruces Negras,1999,2.0,15.0
['7u9m43vPVTERaALXXOzrRq'],1ho8LDh0QGmTy5vwltglaO,Homenaje al Jefe del Corrido,1999,2.0,4.0
['7u9m43vPVTERaALXXOzrRq'],6XfvTf36VI4eN5GWrNx6YB,Corridos Villistas,1997,7.0,9.0
['7u9m43vPVTERaALXXOzrRq'],0FMjGIBhBbhySDnCgv7Aqx,Flor Margarita,1997,,
['7u9m43vPVTERaALXXOzrRq'],7ed69JG8a3G2zdLNCR8U5S,Hermosísimo Lucero (Banda),1996,9.0,9.0
"['7u9m43vPVTERaALXXOzrRq', '2hbA9AbMYcgXBGgBK6MCfx']",4pxNYjILuiD9ro6cwrfjT8,"Chalino Sánchez y Cornelio Reyna, Vol. 2",1996,4.0,2.0
['7u9m43vPVTERaALXXOzrRq'],7ob13rfopz6v0F8tMdHoq5,Corrido Villista,1996,2.0,8.0
['7u9m43vPVTERaALXXOzrRq'],4AnB5ytveD3ZfgfKqz6sBw,15 Éxitos,1996,1.0,1.0
['7u9m43vPVTERaALXXOzrRq'],2cCCEAoC8uOfnxcr537w5i,13 Mejores Éxitos,1995,8.0,8.0
['7u9m43vPVTERaALXXOzrRq'],31NN31rLqvi2aw1gTZclkf,17 Mejores Éxitos,1995,8.0,8.0
"['7u9m43vPVTERaALXXOzrRq', '0CZHGs5YoJggljCPh3a7bK']",46cxQzvDQNXNPYaAKDjK8y,Historias Cantadas Con Chalino Sánchez y Mercedes Castro,1995,7.0,17.0
"['7u9m43vPVTERaALXXOzrRq', '2hbA9AbMYcgXBGgBK6MCfx']",0wSlYqHyuEZKs9tpZTN1sv,Chalino Sánchez Y Cornelio Reyna,1995,6.0,14.0
"['7u9m43vPVTERaALXXOzrRq', '77tqxIanLn23dytqgkIXFF']",6nQ0eF7k4ZOoOzalZgcwwE,Las Ultimas Grabaciones de Chalino Con Norteño,1995,5.0,10.0
['7u9m43vPVTERaALXXOzrRq'],2fD9MGjlC9jIn3IB2OJCou,El Gallo de Sinaloa,1995,5.0,5.0
['7u9m43vPVTERaALXXOzrRq'],0p091X45za7loFjKaHPLaj,Recordando A Chalino,1995,5.0,4.0
['7u9m43vPVTERaALXXOzrRq'],4QGVJunrzbhDhwslytl1om,"Mis Mejores Canciones, 17 Súper Éxitos",1995,4.0,21.0
['7u9m43vPVTERaALXXOzrRq'],2NrQLAwlsOwCOIYNI9g8KO,A Todo Sinaloa,1995,4.0,16.0
['7u9m43vPVTERaALXXOzrRq'],0eFYso4JD9PfWRKzUlP4kC,Corridos Con Mariachi,1995,3.0,29.0
"['7u9m43vPVTERaALXXOzrRq', '7r6kHYuxetBFp0EEKnLHmk']",3m1i4eksY9hyC35jgnuRiF,Chalino Sánchez Con Banda Brava,1994,11.0,10.0
['7u9m43vPVTERaALXXOzrRq'],0fCEnjYpeuVXRmLtWASL8i,Cuerno de Chivo,1994,8.0,8.0
['7u9m43vPVTERaALXXOzrRq'],5QNjrUgXwBtY6c3aArcCfT,Hermosísimo Lucero,1994,7.0,5.0
"['0CZHGs5YoJggljCPh3a7bK', '7u9m43vPVTERaALXXOzrRq']",66o6TxZdr3gcm7QrGq9Smc,"Mercedes Castro Y Chalino Sánchez, Vol. 2: Nuestros Corridos",1994,6.0,30.0
"['7u9m43vPVTERaALXXOzrRq', '1eshB0GAzw20U98QDOgANT']",4eOeKBH56Bj61DWtwA6vYh,Chalino Sanchez En La Huasteca Con El Trío Dinastía Hidalguense,1994,4.0,22.0
['7u9m43vPVTERaALXXOzrRq'],2IdXuEnSijy1RP6ARBWX2Q,Desilusión,1994,3.0,3.0
"['7u9m43vPVTERaALXXOzrRq', '2yKmxk6HYQNEr93j9VFJbK']",2ZBloQpJXNqemDzm4yGxfP,A Dueto: Amores Y Desengaños,1994,3.0,2.0
['7u9m43vPVTERaALXXOzrRq'],2j7o2hdifCxI9O7E8r00cL,Desilusión,1994,1.0,1.0
['7u9m43vPVTERaALXXOzrRq'],5mH9ZEaAY0vYLm3WhN3v3e,Chalino Sánchez Con Mariachi,1993,10.0,14.0
['7u9m43vPVTERaALXXOzrRq'],4GmmvkdzlwP5TDac2be0hK,Chalino Sánchez con Banda Brava,1993,4.0,14.0
"['7u9m43vPVTERaALXXOzrRq', '0CZHGs5YoJggljCPh3a7bK']",5NWQWHQxrEnA7eTaVft1XT,Alma Enamorada,1993,4.0,7.0
"['7r1Ecc2TAxhyLeGac53N6K', '7u9m43vPVTERaALXXOzrRq']",2qBJ5yT8dwQcEn2td6fG0P,Recordando Al Compa,1992,10.0,6.0
['7u9m43vPVTERaALXXOzrRq'],535GW9DwyWxX3PXeR6Af76,El Bandido Generoso,1992,8.0,7.0
['7u9m43vPVTERaALXXOzrRq'],6uInLS0vbBQwXiWDirXkOw,El Pela Vacas,1992,8.0,7.0
['7u9m43vPVTERaALXXOzrRq'],1bNgOfg4GnCmHoF52wdVVF,Adiós A Chalino,1992,7.0,8.0
['7u9m43vPVTERaALXXOzrRq'],17UP50opr1YgsEGCqqXE4R,Chalino Sánchez Con Vaquero's Musical,1992,6.0,18.0
['7u9m43vPVTERaALXXOzrRq'],69CnGWLFrxlYAl5ku4q5XV,Nieves de Enero,1992,5.0,14.0
['7u9m43vPVTERaALXXOzrRq'],0UoFhcatSN6tPV20Df2mrc,Corridos De Los Félix Y Los Quintero,1992,1.0,1.0
['7vQBiuIC5Ac3zwezkl6Y8S'],3JepUrktClgUW5azi2drFt,"Easily Won, Rarely Deserved",2022,11.0,11.0
['7vQBiuIC5Ac3zwezkl6Y8S'],0vrkjqDLDDs79v6tVgNm16,The Insidious Lie,2011,1.0,3.0
['7vQBiuIC5Ac3zwezkl6Y8S'],7M9Q57z3E9ylSBg1DpcQ7e,Lost At Sea,2001,1.0,1.0
['7vQBiuIC5Ac3zwezkl6Y8S'],6ipKbf9FJxKk0PEE3vJkgL,Homecoming,1998,1.0,1.0
['7vQBiuIC5Ac3zwezkl6Y8S'],0HPKyD9eX3QQlspemn7R7J,The Early Years,1995,8.0,22.0
['7vay9JhHThC1PXnge5IPTW'],4JcRoMk6OgS8u8Ttedn1jQ,Still I Stay,1987,3.0,1.0
['7vay9JhHThC1PXnge5IPTW'],01i1dvEkFkc7ePkyJxgxGx,Biggest Hits,1985,4.0,1.0
"['5kFY4Bv5VRSBsM6CUYBoTC', '7vay9JhHThC1PXnge5IPTW']",4zHnMpAy1wKtmBcwQYKTDj,It Takes Believers,1984,3.0,1.0
"['7LQsXsBaqdpd0GMVJe7drZ', '7vojh1fFDGzb4R6M58mee2', '772fyznTLK93P0hMMTQPZ5']",4ykWOyelfG4JNc0m0cXoN3,Pleyel: Clarinet Chamber Music,2022,12.0,28.0
"['6k3Ws6wp7iOp7lN7pxsfjT', '7vojh1fFDGzb4R6M58mee2', '6fdakhVlFRDQIK5JIpiIp8']",4vG0EeCBkJKn84qfjdN4MH,Franz Danzi: Potpourris and Sonatas (For Clarinet or Basset Horn and Piano),2022,10.0,21.0
"['7vojh1fFDGzb4R6M58mee2', '07v6u4mKusZvTFOjLDuIkJ']",6g3QQQMmCry1G1aFiCN785,Lieder for Clarinet,2022,9.0,9.0
"['2krGcTdITEfMdim4Ri6FDD', '7vojh1fFDGzb4R6M58mee2', '5fIQdbiEboD4sED0DR3uoN', '0lnJRWy31y4neI3dBevTId', '6fdakhVlFRDQIK5JIpiIp8']",6CX6aLoVAoXXevObtrvAnn,Bouffil: Clarinet Chamber Music,2022,8.0,26.0
"['0521x50ZcNqqT1fKMJg5c5', '7vojh1fFDGzb4R6M58mee2', '07v6u4mKusZvTFOjLDuIkJ']",4TW4AaxXjpbxgd8A9XfsMF,"Swedish Dances, Op. 63 (Arr. for Clarinet & Piano by Luigi Magistrelli)",2022,8.0,26.0
"['7vojh1fFDGzb4R6M58mee2', '07v6u4mKusZvTFOjLDuIkJ']",2wffvYoaU8ykfrG8JlKeh1,German Clarinet,2022,7.0,29.0
"['7vojh1fFDGzb4R6M58mee2', '07v6u4mKusZvTFOjLDuIkJ']",47F6QUrwfqOGbuKUTu3G4D,"Reger, Müller, Nielsen",2022,5.0,20.0
"['5nYVbvt4lXsNpqngGCkYHJ', '7vojh1fFDGzb4R6M58mee2', '6fdakhVlFRDQIK5JIpiIp8']",2K3fpxjRQt44bXNvN1h0ya,Rummel: Chamber Music for Clarinet & Piano,2022,4.0,29.0
"['1rylJczgrTSL9oLdh7d37U', '7vojh1fFDGzb4R6M58mee2', '772fyznTLK93P0hMMTQPZ5']",45IRw9fjrrykOvX31WtA6h,Mozart - André: Clarinet Quartets Op. 79 (After Mozart's Works),2021,10.0,15.0
"['4cFqOPihbrbcaQeuK6ttpp', '772fyznTLK93P0hMMTQPZ5', '0lnJRWy31y4neI3dBevTId', '04eZkAuCBwCBB0wzGXm91B', '2w7779apmlLkDejJEomNAu', '1HCNDAfZTXatOPWXuxw9Br', '4XWdvHw2NFVsYUlqrZzYjW', '5pBO7Ge3ukjTMQiCRzT7YV', '06GHzhGGoIcbJvDhVaeKfB', '7vojh1fFDGzb4R6M58mee2']",1R4pcDpsWsAJIIVrMzindG,Fuchs: Clarinet Chamber Music,2021,7.0,30.0
"['2Bd1yI8KlQ6zni5mUfHjc4', '7vojh1fFDGzb4R6M58mee2', '772fyznTLK93P0hMMTQPZ5']",6uFTKQpsCm2eiPjflhvOMO,Cesare Pugni: Three Quartets for Clarinet and String Trio (World Premiere Recording),2020,10.0,23.0
"['7vojh1fFDGzb4R6M58mee2', '06GHzhGGoIcbJvDhVaeKfB', '13kjJrwX0rTK8GGiPI1UwG']",7J4MjM4hLsbSOfCFluIVgd,Bartók - Shostakovich - Rota - Milhaud - Stravinsky: 20th Century Chamber Music,2020,3.0,29.0
"['7vojh1fFDGzb4R6M58mee2', '6fdakhVlFRDQIK5JIpiIp8']",6vxI60ckXaH5tED5ACW2qH,Girolamo Salieri: Chamber Music,2019,6.0,28.0
"['7MzxeLpsMxTk4HDBG6C7rq', '7vojh1fFDGzb4R6M58mee2', '07v6u4mKusZvTFOjLDuIkJ']",4jSUgYLQdBppoOpUNmkgyB,Spohr: Chamber Music for Clarinet,2018,10.0,5.0
"['1uSs0yxNE5jiHTt6GqEXYn', '7vojh1fFDGzb4R6M58mee2', '772fyznTLK93P0hMMTQPZ5']",1TMMirvVcIR2tvdQc6cI5I,Chamber Music & Clarinet Solos,2018,4.0,20.0
"['7vojh1fFDGzb4R6M58mee2', '7bQp9XnMazhIcLsjqRDPn3']",0wByDNKaH6Wobf5VGHJLrb,Paganini - Carulli - Rossini: Italian Serenades,2018,4.0,18.0
"['7vojh1fFDGzb4R6M58mee2', '0lnJRWy31y4neI3dBevTId', '2w7779apmlLkDejJEomNAu']",3e2XXwIc4VZdaYjMfIfJu7,Chamber Music with Clarinet,2017,9.0,8.0
"['753G6lb232zBZ5hOBxGjS6', '7vojh1fFDGzb4R6M58mee2', '6VmCk5E2XbKdXch5AYiYuI']",5C1htTTIhEgTI2i5PPjmJL,Giuliani: Nocturnes for Clarinet and Harp,2017,7.0,28.0
"['7vojh1fFDGzb4R6M58mee2', '2qXSZCHsXxEWxlcCOJOFKN']",3stMMYsd5bUOhqzk1EeFhp,Donizetti - Rossini - Mercadante: Unknown Arias with Tenor or Bass Voices and obligato Clarinet in the Italian Repertoire of 19th Century,2017,4.0,6.0
['7vojh1fFDGzb4R6M58mee2'],4oEdnSV43kyZgP7UwKORyV,Bassi - Viviani - Panizza - Pessina - Cappelli - Ponchielli - Pillevestre: Chamber Music for Piccolo Clarinet,2016,12.0,8.0
"['6xcLRTK4l1U7cO925ybm2L', '7vojh1fFDGzb4R6M58mee2', '772fyznTLK93P0hMMTQPZ5']",50IMGA9BjUN9bBV4kcgIMg,Reicha: The Complete Chamber Music for Clarinet,2016,8.0,26.0
"['7vojh1fFDGzb4R6M58mee2', '5cvpAwZE8b56MlCavDZlPk', '1CBbx3gcu4QQT1MnHnfrlS']",2D5L5eTFnHSyqk8rbc4NG0,Unknown Classical Clarinet Sonatas,2016,7.0,6.0
"['3meioy7GWDwpwmjv2LPyAb', '772fyznTLK93P0hMMTQPZ5', '7vojh1fFDGzb4R6M58mee2']",1u7W7F5piI6yVdpea8nLAI,C.P.E. Bach: Chamber Music for Clarinet,2016,4.0,8.0
"['7vojh1fFDGzb4R6M58mee2', '6fdakhVlFRDQIK5JIpiIp8']",5zNIWKojtWGC8aTkXPyFh2,Verdiana,2015,4.0,7.0
['7vojh1fFDGzb4R6M58mee2'],74sCRnPTln5Ye6WBR3C4Yl,Mozart & Stadler: Clarinet & Basset Horn Chamber Music,2015,1.0,13.0
['7vojh1fFDGzb4R6M58mee2'],5ZiN1KRWeWqTNv8qvdrbfI,Pot Pourri Clarinet Recitals,2014,9.0,24.0
['7vojh1fFDGzb4R6M58mee2'],3udn3n9p4jslpS6NkXaXrT,Unknown Arias and Variations,2014,8.0,20.0
"['10z5B6LRqayytRRmpTr6NE', '7vojh1fFDGzb4R6M58mee2', '6fdakhVlFRDQIK5JIpiIp8']",7y2V9JxwICyRQNe94kdZW1,Archduke Rudolph: Music for Clarinet and Piano,2014,6.0,6.0
"['5wTAi7QkpP6kp8a54lmTOq', '7vojh1fFDGzb4R6M58mee2', '3iBtm6PZl3OBsEznMPFhF9']",0DxuNIw7dgSb0KAgaDxIlE,Brahms: Clarinet Chamber Music,2014,3.0,1.0
"['2p0UyoPfYfI76PCStuXfOP', '7vojh1fFDGzb4R6M58mee2']",58GixuUa1q2V6QmMNe9v01,Schubert: Die Zauberharfe & Clarinet Chamber Music,2014,3.0,1.0
"['0dzul8iKQZ52HPrqk41Ij6', '7vojh1fFDGzb4R6M58mee2']",2QofZHyi2fMf3Qc8s5sEg8,Vanhal: Clarinet Sonatas,2014,3.0,1.0
"['0y7FNQDTzEGzIbqCwn64LU', '772fyznTLK93P0hMMTQPZ5', '7vojh1fFDGzb4R6M58mee2']",5vWIWfl2ZVGrDc1EMHZEvN,Kummer: Chamber Music for Winds,2013,5.0,13.0
"['4faGxT7vxruRX2T3IjAjVJ', '7vojh1fFDGzb4R6M58mee2', '6fdakhVlFRDQIK5JIpiIp8']",0yeR1dIQBfOmg3n3t1fi8u,Clarinet Repertoire of Women Composers,2012,5.0,23.0
"['4NJhFmfw43RLBLjQvxDuRS', '7vojh1fFDGzb4R6M58mee2', '772fyznTLK93P0hMMTQPZ5']",5e3QspmYi28ZpphYr7tV7P,Mozart & Sussmayr: Pieces for Basset Clarinet and Orchestra,2012,5.0,22.0
['7vojh1fFDGzb4R6M58mee2'],1PoIoZYCQvoyK9v1W5K7CN,Recital for Clarinet and Piano,2011,3.0,16.0
"['1fgpOfF1hY4gbzp28umcbY', '7vojh1fFDGzb4R6M58mee2', '1k96f4YZshIZ3e1Y0Bz9bR']",3Zdh7WdlXCbbXRBEIg6vbp,Rebay: Complete Music for Clarinet & Guitar,2011,,
"['40rJqichdG2myOCSGDcTZa', '7vojh1fFDGzb4R6M58mee2', '1k96f4YZshIZ3e1Y0Bz9bR']",13sTXvQnvGyu9ZVHwim039,Unforgettable Hues,2007,5.0,5.0
"['40rJqichdG2myOCSGDcTZa', '7vojh1fFDGzb4R6M58mee2', '6fdakhVlFRDQIK5JIpiIp8']",1RHYdNnSMaTyfKvimQHHLB,2 Clarinets & Piano,2004,2.0,6.0
"['4NJhFmfw43RLBLjQvxDuRS', '6eQU1XNSsM3i7ZITgXdcLJ', '5fIQdbiEboD4sED0DR3uoN', '7vojh1fFDGzb4R6M58mee2']",4R4SJVz3JU96xzoXk0CQXW,Mozart: Opera Arrangements for Two Clarinets and Basset Horn (Arr. for Two Clarinets and Basset Horn),2004,,
"['4Yi0sefu5ff6Y0NnuR4f2N', '7vojh1fFDGzb4R6M58mee2', '5KWSQBxIe39Z4PCNCwqieA', '3kNUqF0igin2nea6bIME8D']",3Eg9EoWBZUXKPazpk8hj6r,Mercadante: Clarinet Concertos & Sinfonias concertantes,2003,1.0,1.0
"['7vojh1fFDGzb4R6M58mee2', '5fIQdbiEboD4sED0DR3uoN', '07v6u4mKusZvTFOjLDuIkJ']",2ka90olGlx5o0lvoVty1cb,"Recital for 2 Clarinets and Piano, Pieces of Italian Composers",1992,,
['7wEPicrW5P1ThSykLfqfxK'],5jRnaE1cKVqlf76BNbHliT,Destiny Calls,2019,4.0,19.0
['7wEPicrW5P1ThSykLfqfxK'],4eDVbC4DztQXbehEMxYttz,A Call to Arms,2018,4.0,27.0
"['7wGbzHaUlDhx4dUO4PCSmD', '4FqhfuOE9gIZuYAVIqEy4f', '3E2UDuBBn7uLqOz30oWEQu']",3hS9Xl0zdbLYtv0a8qThwX,The Invasion Conitnues,1998,,
"['3E2UDuBBn7uLqOz30oWEQu', '7wGbzHaUlDhx4dUO4PCSmD', '4FqhfuOE9gIZuYAVIqEy4f']",5ksj97hVu25U5lHRov3kkX,Mexican Invasion,1998,,
"['3E2UDuBBn7uLqOz30oWEQu', '7wGbzHaUlDhx4dUO4PCSmD', '4FqhfuOE9gIZuYAVIqEy4f']",4UMvUCIWQr1XKoRmG5SA3O,Mexican Invasion,1998,,
['7wU2WGCJ8HxkekHHE2QLul'],05frTDy5F3vZwLtiYVqUBh,Supremo,2021,2.0,12.0
['7wU2WGCJ8HxkekHHE2QLul'],4giogCe206BY2QoMoqS1Vw,Nightshift,2020,4.0,17.0
['7wU2WGCJ8HxkekHHE2QLul'],1hhtQL6iADIa5DoH7qZlIJ,You're Welcome,2019,5.0,31.0
['7wU2WGCJ8HxkekHHE2QLul'],35OO9xahWuwTAiK3F91gBA,Libre: Fireboy Forever,2018,6.0,22.0
['7wU2WGCJ8HxkekHHE2QLul'],7mrMwTHTF5uW9jrDJ7Kskw,Fireboy Forever II,2016,5.0,9.0
['7wU2WGCJ8HxkekHHE2QLul'],5aa8ivWLPBwGKVi35ZmOYM,La Musica Del Futuro,2013,2.0,19.0
['7wU2WGCJ8HxkekHHE2QLul'],71lqSHSkO1FvXj6jty1XJX,Super Éxitos,2013,2.0,9.0
['7wU2WGCJ8HxkekHHE2QLul'],1sJZNDmkSG1pOgMydQipE1,La Musica Del Futuro Reloaded (Chosen Few Edition),2012,11.0,20.0
['7wU2WGCJ8HxkekHHE2QLul'],794VF2hKc5pG3VjapCZ7VG,La Musica del Futuro,2010,8.0,3.0
['7wbw9J8cnh99gjAxI9z9FC'],1f02klA5PTDbadnXztRFSn,Livin' on Dreams,2012,7.0,26.0
['7wbw9J8cnh99gjAxI9z9FC'],2Q6ThQQeKLZo7iykXw9mvz,When Daylight Comes,2011,7.0,27.0
['7wbw9J8cnh99gjAxI9z9FC'],6S0d7FjrTlU4f4ObUNTByu,Yes Indeed,2011,7.0,27.0
['7wbw9J8cnh99gjAxI9z9FC'],0MD8eF5NK4hLHAU9aHrpSM,Voices Of Americana: Arkansas Soul Siblings,2009,7.0,13.0
['7wbw9J8cnh99gjAxI9z9FC'],4oeLiw9sod4Z80KkKaF73m,Voices Of Americana: When Love Comes,2009,7.0,13.0
['7wbw9J8cnh99gjAxI9z9FC'],4bbhV5WhVDI4EGjOC9qEot,Voices Of Americana: The Cate Brothers,2009,5.0,25.0
['7wbw9J8cnh99gjAxI9z9FC'],4W5E0NbdVtR8zjWebOp1uR,Can't Change My Heart,2009,4.0,28.0
['7wbw9J8cnh99gjAxI9z9FC'],6sS2q6w6hjIs6xCFfHRBRS,Radioland,1995,10.0,5.0
['7wbw9J8cnh99gjAxI9z9FC'],41EU6HZ7ATEHLp0vJ4C2GC,Crisp 'N' Tasty,1983,,
['7wbw9J8cnh99gjAxI9z9FC'],5Uje83DO0hi00NJdqQABs4,Fire On The Tracks,1979,6.0,30.0
['7wbw9J8cnh99gjAxI9z9FC'],7utxBQ3jTcHViHeWjx5zYC,The Cate Bros. Band,1977,9.0,8.0
['7wbw9J8cnh99gjAxI9z9FC'],21arLkt7Mkrrm6JK5M4M53,In One Eye And Out The Other,1976,10.0,1.0
['7wbw9J8cnh99gjAxI9z9FC'],3oIl1lF682wqPFEMEIxTxB,Cate Bros.,1975,1.0,1.0
['7wdxsozVB1CKqO4t5GeSi3'],0ld3NXfzssVAFuRPmMUKwx,No Joke Deluxe,2022,8.0,26.0
['7wdxsozVB1CKqO4t5GeSi3'],54118atBXWvqN8OrnSwa3E,No Joke,2022,7.0,15.0
['7wdxsozVB1CKqO4t5GeSi3'],0tEqzHdqv0tOoE5uPwhocY,Against The Grain,2022,4.0,8.0
['7wdxsozVB1CKqO4t5GeSi3'],7vgDGb97fDQ55Uc0pI2AIY,Back 4 Good,2022,1.0,28.0
['7wdxsozVB1CKqO4t5GeSi3'],7xHFytGHqxAclkAEkepAAE,Heart Of Da Streetz,2020,7.0,31.0
['7wdxsozVB1CKqO4t5GeSi3'],0tKS9tfuBQMyPFhpOoczQP,King Me,2020,4.0,17.0
['7wdxsozVB1CKqO4t5GeSi3'],4ooK1nH64RoQ7PNvXrRPhw,Thug Season,2019,12.0,11.0
['7x7YgBS9WW3rfvfagAlohI'],4mIxswh115QQ6PnE1Zppa2,Count to Three,2021,3.0,29.0
['7xApTNsfIFH5cuvcYErb1a'],26UyprHEx9UWlGtV56eUjd,Circles for Wilson,2022,12.0,14.0
['7xApTNsfIFH5cuvcYErb1a'],46rfpNy0jpLqnXwjtkgtyg,Snake Lady Trio,2019,4.0,30.0
['7xApTNsfIFH5cuvcYErb1a'],4wCChSnhdhnLGHEO7y6W6h,Moon Phases,2018,2.0,28.0
['7xApTNsfIFH5cuvcYErb1a'],219BzojKklbsKxlHVbOtIJ,Waxing and Waning,2018,2.0,20.0
['7xApTNsfIFH5cuvcYErb1a'],45tJ7x5KV1x9o222V1X8H2,Sun Boxes App,2012,2.0,1.0
"['7xApTNsfIFH5cuvcYErb1a', '3BIbD674uIKLV4czg3kHk3']",3a3w64kIOcqjvUnvjiMvkL,Rusted Breath Quiet Hands,2006,1.0,1.0
"['7xApTNsfIFH5cuvcYErb1a', '1jZBzC1Xi9fiRvSnpSueD3']",7kwCyNSZiAgaYfzOs5MyxG,Olive Grain,2001,5.0,29.0
"['1I2OEYuAJ2C2D5E1QT0UWK', '3MXJmCiz4cUM7JJJffookQ', '7xApTNsfIFH5cuvcYErb1a']",1JoQA287IbOFjMcaQ12hpo,Static Press 19,1997,4.0,15.0
"['7xApTNsfIFH5cuvcYErb1a', '4cORrqhoZB6aK8ro7bm0fd', '1mOSRRlF2TYqbQcXSkQRBf', '5Q6fCwqIq0y74BHFjVg8Xv']",16Rvj8uXl7ZmdGV0u2dsQw,Tip-Toe Through the Hatching Chamber,1995,1.0,1.0
['7xSACUxKYk7OKWIyYJclnm'],1UzczKd6gE65rqvaDfRyem,A Clean 16: The Cleantape,2022,11.0,16.0
['7xSACUxKYk7OKWIyYJclnm'],5u4pfIYZFcgEPo66cpTXiN,Duffle Szn,2022,3.0,25.0
['7xSACUxKYk7OKWIyYJclnm'],5JWhyJEGaml4LD7Xxk3NpW,PRODUCT OF DA ROC 2: DELUXE,2021,12.0,24.0
['7xSACUxKYk7OKWIyYJclnm'],4Ud650iPlbiULNalLzzrUK,PRODUCT OF DA ROC 2: THE COMEBACK KID,2021,7.0,11.0
['7xmiftJyk3HHMI9197u63S'],1benWqhqQplWnJUZmOJpPY,Welcome To Oxnard,2022,6.0,3.0
['7xmiftJyk3HHMI9197u63S'],6pFmrTzEFOxkOSHkC0N0cM,My World,2021,5.0,7.0
['7y9tvtqNsuCvCznhJliRVo'],7Kcc0semHlsljh2Vs1Gkcn,Old Man Reefer,2021,1.0,15.0
"['7y9tvtqNsuCvCznhJliRVo', '6HcjnZGiCYGjzNB7pzvJhq']",1Re2zcAUD45uhVSg9Qkyf3,Diá Des Muertos,2016,10.0,31.0
"['7y9tvtqNsuCvCznhJliRVo', '6HcjnZGiCYGjzNB7pzvJhq']",6wk89nXwOWUfH9pVaBhGAj,Super Best Friends,2013,9.0,17.0
['7yKKS5wIb7eYUDb1bZDL3d'],6qDdNUTHme22JCg7NgJ66O,Disruptive,2015,10.0,1.0
['7yKKS5wIb7eYUDb1bZDL3d'],6wh5qmSFvvYFfV6BlCcgQ6,Prison of Decay,2006,8.0,22.0
['7yKKS5wIb7eYUDb1bZDL3d'],5B1xYCmeUTHxgvnCnjXTdu,Turbocharger,1999,1.0,1.0
['7yZC6AEhvCD5NFR8yDUxCG'],1fVyZLsUGyDJcqgRfq8wZ2,Godsend,2021,6.0,4.0
['7yZC6AEhvCD5NFR8yDUxCG'],5ohqdo4XbIiFKqa8rBJI2w,Godsend (Deluxe),2021,6.0,4.0
['7yZC6AEhvCD5NFR8yDUxCG'],6buAN2fp3zo5JhNZN45QY2,Riley Clemmons,2018,8.0,3.0
['7zSHQFzTnqpcbrmroB7bvM'],3LYjcMp3uCVo3EyMA76kWQ,Restoration,2022,4.0,15.0
['7zSHQFzTnqpcbrmroB7bvM'],6mqzFEbPKu3o36US1PAtD2,Live in Germany,2021,8.0,20.0
['7zSHQFzTnqpcbrmroB7bvM'],0qE5dDmbeQQvAfORa7kCyv,Transmissions Live at the BBC,2020,11.0,27.0
['7zSHQFzTnqpcbrmroB7bvM'],7wa5ZTclfelQUDqr7WBqez,Live '71,2020,10.0,2.0
['7zSHQFzTnqpcbrmroB7bvM'],034SBy4A7kvHaMbwVOCtlA,"At Ruisrock, Turku, Finland (Live)",2020,3.0,24.0
['7zSHQFzTnqpcbrmroB7bvM'],4UqBd3LOKCJ8pxvSAS7jFr,At the Boston Tea Party (Live),2020,3.0,24.0
['7zSHQFzTnqpcbrmroB7bvM'],5cR8aD1ofgAIIHbYnnSzP8,"At the Piper Club, Rome (Live)",2020,3.0,24.0
['7zSHQFzTnqpcbrmroB7bvM'],2SMAeOwOSkryNrVImS6E5P,In Montreux 1969 (Live),2020,3.0,24.0
['7zSHQFzTnqpcbrmroB7bvM'],0iAtAcMIVjrK9SbuvZ7Qwq,Live 05,2020,3.0,12.0
"['7zSHQFzTnqpcbrmroB7bvM', '4WAcnsrTnTgkFSYhyJggLx', '58WRGt28aeIUBKpCt6zBAj']",04iD1UaepStm5ZEGIlX78O,The Reunion Concerts 1994 (Live),2020,2.0,20.0
['7zSHQFzTnqpcbrmroB7bvM'],4CfpmcEaAuWEXAwSqSJLN3,Time on Our Side,2020,2.0,17.0
['7zSHQFzTnqpcbrmroB7bvM'],4zrjInr092MApUBliUJI5x,Tomorrow's Blues,2020,2.0,17.0
['7zSHQFzTnqpcbrmroB7bvM'],68xqfTXKnwyQkkrY5mdXoU,Bread & Circuses,2020,2.0,14.0
['7zSHQFzTnqpcbrmroB7bvM'],5bVpHnOOgYV7DxHcdF4gWG,On the Radio,2018,10.0,25.0
['7zSHQFzTnqpcbrmroB7bvM'],7nH7Kl57LA619wBfEF5tLo,Introduction To,2004,5.0,4.0
['7zSHQFzTnqpcbrmroB7bvM'],0yPYepVtDTzvgtDvMuzCYz,Introduction To,2004,5.0,4.0
['7zSHQFzTnqpcbrmroB7bvM'],5XwWcrAysXIpi4suAvVzp3,Those Who Are About to Die We Salute You (Expanded Edition),2004,1.0,1.0
['7zSHQFzTnqpcbrmroB7bvM'],29dkaC48VPLocrBG8S2tBA,Live (Expanded Edition),2004,,
['7zSHQFzTnqpcbrmroB7bvM'],0hr14GAFTCKtOZukM64C6x,Live at Rockpalast 2003,2003,,
['7zSHQFzTnqpcbrmroB7bvM'],33FLBAROsNbqmzLV30dJJw,Anthology,2000,1.0,1.0
['7zSHQFzTnqpcbrmroB7bvM'],2ksKMAqpQpDkjxTGrxcQ0I,Live (Expanded Edition),1971,9.0,17.0
['7zSHQFzTnqpcbrmroB7bvM'],6uYKgxQ08RachqaJ8wd2VS,Live (Expanded Edition),1971,9.0,17.0
['7zSHQFzTnqpcbrmroB7bvM'],4zguhIv5sv0xVNjMJx5HT0,Daughter of Time,1970,1.0,1.0
['7zSHQFzTnqpcbrmroB7bvM'],6Ecw9HN806bvpQNGtibehD,Daughter of Time,1970,1.0,1.0
['7zSHQFzTnqpcbrmroB7bvM'],0jWbTnGZQQCQvL9IZ6viUz,Valentyne Suite,1969,11.0,1.0
['7zSHQFzTnqpcbrmroB7bvM'],5S4HGx2e8DlVfkh843EV5f,Valentyne Suite,1969,11.0,1.0
['7zSHQFzTnqpcbrmroB7bvM'],7KjXbtc7FmuTRIKsDhqi72,Valentyne Suite (Deluxe Expanded Edition),1969,11.0,1.0
['7zVOa12T0RhNRzpbwZ4OCt'],730AnPbCUmyhnpOqK1VhQm,Calm Before the Storm,2017,11.0,3.0
['7zVOa12T0RhNRzpbwZ4OCt'],5moJmXexmIRLcCjeG0bpk9,メタモルフォーゼ,2017,9.0,6.0
['7zVOa12T0RhNRzpbwZ4OCt'],20V23vh5XGvdYoDTfcZuSA,メタモルフォーゼ,2017,9.0,6.0
['7zVOa12T0RhNRzpbwZ4OCt'],5MKzxDnsL0ovpsGJr198S3,Destiny,2017,6.0,14.0
['7zVOa12T0RhNRzpbwZ4OCt'],19SbA1YHzipnZZEmZgBG6M,Destiny,2017,6.0,14.0
['7zVOa12T0RhNRzpbwZ4OCt'],4CvDwlFnCbMzxsQNlD5TH2,アイシテル,2017,3.0,8.0
['7zVOa12T0RhNRzpbwZ4OCt'],6OGmu7nFOe8DHdEu3IQ8l5,ビリーヴ,2017,3.0,8.0
['7zVOa12T0RhNRzpbwZ4OCt'],5kG7hXdJAIGJL2B0kAqce4,シェネル・ワールド,2015,2.0,11.0
['7zVOa12T0RhNRzpbwZ4OCt'],0ZC0IU1NEYjL8SdmQ2tPWg,ラブ・ソングス2,2014,6.0,4.0
['7zVOa12T0RhNRzpbwZ4OCt'],4fUMdgI4OYs6470asJ2lze,Best Songs,2013,12.0,4.0
['7zVOa12T0RhNRzpbwZ4OCt'],1ug85dleVRIgsJr2Ka97ap,ラブ・ソングス スペシャル・エディション,2013,11.0,13.0
['7zVOa12T0RhNRzpbwZ4OCt'],4lRyJsbecgzCSUsTHr8ay0,アイシテル,2013,8.0,14.0
['7zVOa12T0RhNRzpbwZ4OCt'],1nSHIOuiIj3nMypucXFUce,アイシテル,2013,8.0,7.0
['7zVOa12T0RhNRzpbwZ4OCt'],6w5BvD2P0LnT04LmfG4U5k,アイシテル,2013,8.0,7.0
['7zVOa12T0RhNRzpbwZ4OCt'],1PgTYmIQ1WAqt4s1Stg0bs,ビリーヴ (Deluxe Edition),2013,1.0,18.0
['7zVOa12T0RhNRzpbwZ4OCt'],59KKv1Pdr7VpyKRtMq7YrV,ビリーヴ,2012,6.0,29.0
['7zVOa12T0RhNRzpbwZ4OCt'],6QF2XDQTfGpaWw8dETi5bu,ラブ・ソングス,2012,2.0,10.0
['7zVOa12T0RhNRzpbwZ4OCt'],3dnhCMgGfuYIYSzc6blWRR,Luv Songs (Deluxe Edition),2011,11.0,30.0
['7zVOa12T0RhNRzpbwZ4OCt'],1gKZb1SVmwRKE28tSnpmeU,ラブ・ソングス,2011,7.0,20.0
['7zVOa12T0RhNRzpbwZ4OCt'],5Z0U47ouo40CMGfuTSqVZ5,ラブ・ソングス,2011,7.0,20.0
['7zVOa12T0RhNRzpbwZ4OCt'],53xvrMGqROvyYLA78K2a4K,ラブ・ソングス,2011,1.0,1.0
['7zVOa12T0RhNRzpbwZ4OCt'],5TEzVFWvi0R8Q6u3zsPPSV,Feel Good,2010,2.0,10.0
['7zVOa12T0RhNRzpbwZ4OCt'],2ihZY6xXidPSi2NYeHfUhH,Things Happen For A Reason,2007,9.0,5.0
['7zXRgSpjJkQmB9SnPLq1Qk'],5LHw8r2RlK5DBw2Cr4KZQ4,Aire,2018,7.0,27.0
['7zXRgSpjJkQmB9SnPLq1Qk'],1iWqEpH8BqrrSrik4D8R49,Fuego,2017,4.0,29.0
['7zXRgSpjJkQmB9SnPLq1Qk'],1s4zntSYGB5mKZ1Nam4Lzz,Agua,2016,9.0,18.0
['7zXRgSpjJkQmB9SnPLq1Qk'],5UbWHoSYZXrtIpi0EN20RC,Banda Sonora: Las Tetas de Mi Madre,2015,12.0,18.0
['7zXRgSpjJkQmB9SnPLq1Qk'],7yQQY7vDXiMIcSOj6oO2CR,Bazuka,2013,6.0,1.0
['7zXRgSpjJkQmB9SnPLq1Qk'],3Nmsccs3N5v1a3E6Mgvxpd,Cara O Sello,2011,3.0,1.0
['7zXRgSpjJkQmB9SnPLq1Qk'],246c5sNjasakCN9bGXQZvZ,"La Familia, Cap. 1",2010,1.0,1.0
['7zXRgSpjJkQmB9SnPLq1Qk'],4E98a9zpSw0t7D0ItWb4QL,Crack Family I,2010,,
['7zpsE1zqt8cFqOPUNifkSv'],3qeRvD4WZJvMe3jQeMsmar,Chicken's Party,2017,12.0,12.0
